{"scope.version":"2","template.metadata":{"label":"Standard Banner Storyboard Slide","adData":{"adTypes":[0],"platforms":[0],"networks":[0,1],"features":[],"verticals":[]},"dimensions":[{"width":300,"height":600}],"usageData":{"creationTimeMs":"1430259271000"},"thumbnail":"thumbnail.svg"},"timeline.animationMode":"proMode","viewport.width":300,"viewport.height":600,"publish.local.location":"/Users/miaochang/Documents/300x600-sudafed-slide/","publish.local.name":"300x600-sudafed-slide","publish.local.flatten":true,"publish.local.minify":true,"publish.local.inlineFiles":true,"publish.local.createZip":true,"publish.local.politeLoad":true,"publish.local.exportMozilla":true,"publish.local.exportWebkit":true,"publish.local.unpackGroups":true,"publish.local.addBorder":false,"publish.local.useLightBorder":false,"publish.local.borderColor":"rgba(0,0,0,1)","publish.drive.flatten":true,"publish.drive.minify":true,"publish.drive.inlineFiles":false,"publish.drive.createZip":true,"publish.drive.politeLoad":false,"publish.drive.exportMozilla":true,"publish.drive.exportWebkit":true,"publish.drive.unpackGroups":true,"publish.drive.addBorder":false,"publish.drive.useLightBorder":false,"publish.drive.borderColor":"rgba(0,0,0,1)","publish.studio.flatten":true,"publish.studio.minify":true,"publish.studio.inlineFiles":true,"publish.studio.createZip":true,"publish.studio.politeLoad":true,"publish.studio.exportMozilla":true,"publish.studio.exportWebkit":true,"publish.studio.unpackGroups":true,"publish.studio.addBorder":false,"publish.studio.useLightBorder":false,"publish.studio.borderColor":"rgba(0,0,0,1)"}